Workbook

Sheet Data
A1: NIM | B1: Name | C1: KUIS | D1: UTS | E1: UAS | F1: Nilai | G1: Grade
A2: 120001 | B2: John Doe | C2: 85 | D2: 78 | E2: 90 | F2: =ROUND(C2*Keterangan!$B$2+D2*Keterangan!$B$3+E2*Keterangan!$B$4,2) -> 84.65 | G2: A
A3: 120005 | B3: Jane Smith | C3: 92 | D3: 88 | E3: 94 | F3: =ROUND(C3*Keterangan!$B$2+D3*Keterangan!$B$3+E3*Keterangan!$B$4,2) -> 91.5 | G3: A
A4: 120017 | B4: Michael Johnson | C4: 48 | D4: 65 | E4: 56 | F4: =ROUND(C4*Keterangan!$B$2+D4*Keterangan!$B$3+E4*Keterangan!$B$4,2) -> 55.9 | G4: C
A5: 120018 | B5: Emily Brown | C5: 90 | D5: 85 | E5: 88 | F5: =ROUND(C5*Keterangan!$B$2+D5*Keterangan!$B$3+E5*Keterangan!$B$4,2) -> 87.8 | G5: A
A6: 120022 | B6: Daniel Martinez | C6: 75 | D6: 80 | E6: 77 | F6: =ROUND(C6*Keterangan!$B$2+D6*Keterangan!$B$3+E6*Keterangan!$B$4,2) -> 77.2 | G6: AB
A7: 120024 | B7: Sarah Wilson | C7: 88 | D7: 70 | E7: 65 | F7: =ROUND(C7*Keterangan!$B$2+D7*Keterangan!$B$3+E7*Keterangan!$B$4,2) -> 74.55 | G7: B
A8: 120025 | B8: David Garcia | C8: 75 | D8: 70 | E8: 75 | F8: =ROUND(C8*Keterangan!$B$2+D8*Keterangan!$B$3+E8*Keterangan!$B$4,2) -> 73.5 | G8: B
A9: 120027 | B9: Jessica Lee | C9: 95 | D9: 91 | E9: 96 | F9: =ROUND(C9*Keterangan!$B$2+D9*Keterangan!$B$3+E9*Keterangan!$B$4,2) -> 94.15 | G9: A
A10: 120034 | B10: Matthew Davis | C10: 79 | D10: 84 | E10: 78 | F10: =ROUND(C10*Keterangan!$B$2+D10*Keterangan!$B$3+E10*Keterangan!$B$4,2) -> 80.15 | G10: AB
A11: 120035 | B11: Jennifer Rodriguez | C11: 42 | D11: 48 | E11: 63 | F11: =ROUND(C11*Keterangan!$B$2+D11*Keterangan!$B$3+E11*Keterangan!$B$4,2) -> 51.15 | G11: C
A12: 120036 | B12: Andrew Taylor | C12: 53 | D12: 64 | E12: 59 | F12: =ROUND(C12*Keterangan!$B$2+D12*Keterangan!$B$3+E12*Keterangan!$B$4,2) -> 58.4 | G12: C
A13: 120038 | B13: Amanda Hernandez | C13: 91 | D13: 95 | E13: 90 | F13: =ROUND(C13*Keterangan!$B$2+D13*Keterangan!$B$3+E13*Keterangan!$B$4,2) -> 91.85 | G13: A
... A31: 120099 | B31: Samantha Harris | C31: 60 | D31: 65 | E31: 64 | F31: =ROUND(C31*Keterangan!$B$2+D31*Keterangan!$B$3+E31*Keterangan!$B$4,2) -> 62.9 | G31: BC

Sheet Keterangan
A1: Komponen | B1: Bobot
A2: KUIS | B2: 0.35
A3: UTS | B3: 0.3
A4: UAS | B4: 0.35
A6: Catatan | B6: Sheet 'Data' = tabel untuk dibaca pandas (baris 1 = header, tanpa kop/judul). Nilai = KUIS×35% + UTS×30% + UAS×35%. Ubah bobot di B2:B4 jika perlu.
